area,chn1997,chn1998,chn1999,chn2000,chn2001,chn2002,chn2003,chn2004,chn2005,chn2006,chn2007,chn2008,chn2009,chn2010,chn2011,chn2012,chn2013,chn2014,chn2015,chn2016,chn2017,chn2018,chn2019,chn2020,chn2021,chn2022,chn2023
E06000001,0.641,0.626,0.605,0.588,0.566,0.534,0.508,0.486,0.461,0.432,0.406,0.384,0.365,0.348,0.327,0.296,0.267,0.253,0.239,0.225,0.201,0.166,0.142,0.124,0.092,0.056,0
E06000002,0.631,0.617,0.598,0.584,0.563,0.537,0.519,0.502,0.485,0.467,0.450,0.432,0.408,0.384,0.361,0.333,0.308,0.295,0.278,0.260,0.232,0.188,0.158,0.138,0.107,0.070,0
E06000003,0.613,0.600,0.583,0.569,0.547,0.517,0.492,0.471,0.452,0.431,0.412,0.394,0.372,0.351,0.331,0.304,0.281,0.267,0.250,0.232,0.202,0.163,0.141,0.122,0.092,0.060,0
E06000004,0.645,0.631,0.612,0.597,0.584,0.566,0.543,0.520,0.498,0.470,0.444,0.422,0.401,0.382,0.362,0.332,0.305,0.289,0.275,0.263,0.248,0.226,0.209,0.190,0.152,0.100,0
E06000005,0.669,0.655,0.635,0.621,0.602,0.574,0.547,0.524,0.504,0.484,0.464,0.444,0.425,0.407,0.387,0.360,0.336,0.322,0.304,0.283,0.251,0.208,0.180,0.160,0.128,0.085,0
E06000006,0.619,0.608,0.587,0.570,0.550,0.522,0.500,0.479,0.457,0.436,0.417,0.396,0.373,0.355,0.337,0.306,0.274,0.258,0.241,0.223,0.197,0.158,0.133,0.117,0.091,0.059,0
E06000007,0.667,0.654,0.636,0.623,0.608,0.587,0.571,0.556,0.539,0.521,0.504,0.485,0.466,0.450,0.433,0.403,0.373,0.357,0.339,0.320,0.292,0.253,0.225,0.199,0.157,0.103,0
E06000008,0.699,0.687,0.669,0.652,0.630,0.600,0.576,0.555,0.537,0.521,0.505,0.484,0.460,0.437,0.414,0.388,0.363,0.347,0.328,0.306,0.267,0.209,0.167,0.141,0.109,0.072,0
E06000009,0.824,0.816,0.803,0.793,0.779,0.758,0.738,0.721,0.706,0.692,0.680,0.671,0.660,0.650,0.637,0.612,0.585,0.566,0.536,0.501,0.434,0.339,0.280,0.241,0.183,0.117,0
E06000010,0.678,0.665,0.647,0.634,0.616,0.592,0.571,0.550,0.531,0.509,0.488,0.467,0.445,0.426,0.402,0.371,0.342,0.324,0.304,0.283,0.250,0.202,0.170,0.149,0.117,0.077,0
E06000011,0.675,0.661,0.641,0.626,0.605,0.578,0.555,0.534,0.514,0.494,0.476,0.460,0.442,0.425,0.400,0.365,0.338,0.322,0.306,0.290,0.257,0.212,0.186,0.164,0.125,0.079,0
E06000012,0.621,0.608,0.591,0.578,0.558,0.531,0.507,0.485,0.467,0.449,0.433,0.416,0.398,0.377,0.353,0.326,0.301,0.287,0.273,0.257,0.232,0.198,0.178,0.155,0.117,0.075,0
E06000013,0.674,0.660,0.639,0.623,0.604,0.574,0.544,0.517,0.493,0.469,0.447,0.429,0.413,0.399,0.383,0.359,0.336,0.321,0.305,0.290,0.264,0.225,0.197,0.174,0.137,0.092,0
E06000014,0.655,0.640,0.620,0.605,0.589,0.570,0.555,0.540,0.524,0.506,0.491,0.474,0.452,0.434,0.416,0.376,0.334,0.314,0.297,0.279,0.254,0.220,0.199,0.179,0.144,0.098,0
E06000015,0.668,0.655,0.637,0.623,0.605,0.582,0.565,0.547,0.528,0.510,0.493,0.475,0.455,0.435,0.408,0.374,0.343,0.327,0.309,0.288,0.254,0.208,0.180,0.160,0.125,0.081,0
E06000016,0.699,0.686,0.669,0.655,0.641,0.622,0.603,0.584,0.565,0.544,0.526,0.510,0.494,0.477,0.459,0.433,0.409,0.391,0.369,0.348,0.312,0.260,0.225,0.201,0.161,0.108,0
E06000017,0.693,0.681,0.664,0.650,0.633,0.609,0.588,0.570,0.552,0.532,0.515,0.496,0.466,0.436,0.410,0.379,0.351,0.334,0.313,0.293,0.253,0.202,0.177,0.150,0.109,0.068,0
E06000018,0.695,0.685,0.670,0.659,0.643,0.620,0.600,0.584,0.566,0.544,0.525,0.505,0.476,0.447,0.420,0.388,0.361,0.345,0.328,0.311,0.285,0.244,0.213,0.192,0.160,0.113,0
E06000019,0.719,0.705,0.685,0.667,0.645,0.621,0.604,0.587,0.569,0.550,0.534,0.516,0.495,0.474,0.438,0.392,0.357,0.338,0.319,0.301,0.262,0.204,0.166,0.145,0.112,0.072,0
E06000020,0.720,0.697,0.664,0.643,0.621,0.593,0.570,0.550,0.531,0.512,0.494,0.478,0.460,0.444,0.419,0.379,0.347,0.329,0.307,0.284,0.248,0.195,0.162,0.140,0.108,0.072,0
E06000021,0.787,0.664,0.610,0.584,0.562,0.533,0.509,0.487,0.466,0.445,0.426,0.409,0.389,0.368,0.342,0.312,0.286,0.272,0.256,0.239,0.212,0.174,0.149,0.131,0.104,0.070,0
E06000022,0.683,0.671,0.651,0.634,0.617,0.596,0.579,0.565,0.552,0.536,0.523,0.509,0.486,0.460,0.436,0.406,0.379,0.363,0.346,0.329,0.296,0.246,0.211,0.184,0.143,0.092,0
E06000023,0.717,0.705,0.690,0.678,0.664,0.645,0.629,0.613,0.596,0.577,0.562,0.545,0.527,0.506,0.481,0.454,0.430,0.413,0.391,0.369,0.337,0.288,0.255,0.231,0.184,0.121,0
E06000024,0.754,0.742,0.725,0.712,0.694,0.670,0.650,0.632,0.614,0.594,0.576,0.558,0.536,0.515,0.490,0.457,0.426,0.409,0.387,0.364,0.325,0.263,0.220,0.194,0.154,0.103,0
E06000025,0.677,0.663,0.643,0.629,0.613,0.591,0.573,0.556,0.542,0.531,0.522,0.509,0.491,0.469,0.441,0.411,0.387,0.373,0.357,0.339,0.309,0.256,0.216,0.189,0.149,0.100,0
E06000026,0.665,0.651,0.632,0.618,0.603,0.583,0.567,0.552,0.538,0.522,0.507,0.490,0.468,0.452,0.436,0.406,0.373,0.356,0.335,0.315,0.281,0.233,0.204,0.181,0.143,0.096,0
E06000027,0.757,0.744,0.726,0.712,0.695,0.673,0.656,0.640,0.627,0.612,0.600,0.584,0.562,0.536,0.504,0.464,0.430,0.411,0.389,0.365,0.322,0.256,0.213,0.185,0.143,0.094,0
E06000030,0.724,0.707,0.684,0.670,0.655,0.636,0.618,0.600,0.582,0.562,0.544,0.525,0.501,0.477,0.455,0.426,0.400,0.384,0.365,0.346,0.313,0.266,0.237,0.209,0.162,0.106,0
E06000031,0.785,0.775,0.761,0.749,0.735,0.715,0.699,0.683,0.666,0.646,0.625,0.605,0.584,0.564,0.540,0.505,0.469,0.446,0.418,0.388,0.344,0.275,0.223,0.193,0.150,0.097,0
E06000032,0.763,0.753,0.740,0.731,0.718,0.700,0.682,0.667,0.652,0.636,0.621,0.604,0.586,0.569,0.549,0.522,0.495,0.476,0.452,0.426,0.385,0.327,0.286,0.250,0.196,0.131,0
E06000033,0.710,0.696,0.678,0.665,0.648,0.626,0.607,0.591,0.575,0.558,0.542,0.524,0.503,0.481,0.450,0.412,0.380,0.362,0.344,0.326,0.294,0.244,0.211,0.188,0.151,0.102,0
E06000034,0.728,0.716,0.700,0.688,0.673,0.653,0.633,0.611,0.588,0.565,0.546,0.526,0.503,0.485,0.462,0.426,0.393,0.373,0.349,0.324,0.281,0.223,0.187,0.164,0.131,0.088,0
E06000035,0.659,0.647,0.630,0.617,0.599,0.575,0.554,0.535,0.519,0.502,0.485,0.466,0.443,0.419,0.390,0.355,0.323,0.306,0.286,0.264,0.233,0.190,0.159,0.136,0.106,0.069,0
E06000036,0.720,0.706,0.689,0.676,0.662,0.644,0.626,0.608,0.590,0.571,0.553,0.534,0.509,0.480,0.445,0.406,0.372,0.354,0.338,0.321,0.289,0.241,0.210,0.187,0.148,0.098,0
E06000037,0.686,0.672,0.654,0.640,0.622,0.599,0.577,0.557,0.536,0.515,0.497,0.477,0.453,0.430,0.399,0.362,0.333,0.317,0.300,0.282,0.249,0.200,0.169,0.148,0.116,0.076,0
E06000038,0.763,0.752,0.737,0.726,0.716,0.703,0.689,0.673,0.655,0.637,0.620,0.602,0.584,0.566,0.545,0.516,0.489,0.473,0.455,0.432,0.393,0.334,0.293,0.264,0.211,0.140,0
E06000039,0.712,0.700,0.684,0.672,0.658,0.638,0.619,0.598,0.575,0.553,0.531,0.504,0.474,0.445,0.415,0.382,0.355,0.340,0.323,0.303,0.271,0.223,0.191,0.171,0.135,0.088,0
E06000040,0.699,0.687,0.673,0.663,0.647,0.627,0.609,0.593,0.576,0.558,0.543,0.528,0.510,0.496,0.481,0.453,0.425,0.408,0.387,0.367,0.330,0.272,0.232,0.209,0.171,0.116,0
E06000041,0.774,0.762,0.747,0.736,0.725,0.711,0.697,0.682,0.666,0.648,0.632,0.615,0.595,0.576,0.555,0.526,0.500,0.484,0.466,0.448,0.408,0.340,0.290,0.253,0.196,0.127,0
E06000042,0.758,0.745,0.727,0.714,0.698,0.678,0.659,0.639,0.619,0.599,0.582,0.561,0.535,0.513,0.492,0.449,0.404,0.382,0.360,0.338,0.300,0.245,0.208,0.183,0.145,0.096,0
E06000043,0.743,0.730,0.712,0.697,0.680,0.659,0.642,0.626,0.609,0.590,0.573,0.556,0.535,0.518,0.497,0.461,0.427,0.410,0.394,0.378,0.341,0.285,0.249,0.222,0.179,0.121,0
E06000044,0.703,0.692,0.676,0.664,0.649,0.630,0.612,0.596,0.581,0.567,0.556,0.541,0.520,0.494,0.461,0.425,0.397,0.381,0.363,0.343,0.306,0.258,0.231,0.205,0.158,0.101,0
E06000045,0.711,0.699,0.683,0.672,0.658,0.637,0.616,0.597,0.578,0.558,0.538,0.518,0.499,0.481,0.459,0.428,0.400,0.384,0.365,0.344,0.308,0.254,0.217,0.191,0.150,0.099,0
E06000046,0.710,0.696,0.678,0.664,0.647,0.625,0.604,0.583,0.563,0.543,0.522,0.502,0.483,0.465,0.442,0.410,0.383,0.367,0.350,0.332,0.290,0.227,0.189,0.161,0.121,0.076,0
E06000047,0.629,0.615,0.596,0.581,0.563,0.539,0.518,0.498,0.479,0.460,0.442,0.422,0.400,0.377,0.349,0.318,0.293,0.279,0.263,0.248,0.219,0.174,0.146,0.127,0.098,0.064,0
E06000049,0.707,0.688,0.669,0.655,0.639,0.619,0.602,0.586,0.571,0.555,0.541,0.526,0.507,0.487,0.466,0.445,0.425,0.410,0.391,0.371,0.335,0.280,0.242,0.216,0.169,0.110,0
E06000050,0.650,0.635,0.616,0.602,0.585,0.563,0.543,0.526,0.511,0.495,0.480,0.464,0.446,0.430,0.414,0.386,0.357,0.340,0.322,0.304,0.269,0.215,0.180,0.157,0.120,0.077,0
E06000051,0.702,0.687,0.668,0.652,0.632,0.609,0.592,0.575,0.558,0.539,0.524,0.508,0.488,0.471,0.439,0.392,0.357,0.339,0.320,0.302,0.260,0.200,0.165,0.144,0.112,0.073,0
E06000052,0.728,0.714,0.695,0.678,0.658,0.635,0.617,0.601,0.585,0.568,0.552,0.535,0.513,0.493,0.468,0.425,0.385,0.365,0.345,0.325,0.284,0.223,0.181,0.157,0.126,0.084,0
E06000053,0.783,0.767,0.753,0.740,0.731,0.719,0.696,0.671,0.654,0.634,0.604,0.575,0.556,0.542,0.522,0.496,0.472,0.450,0.424,0.403,0.362,0.306,0.280,0.241,0.163,0.089,0
E06000054,0.727,0.714,0.697,0.684,0.669,0.649,0.631,0.616,0.601,0.586,0.572,0.556,0.539,0.525,0.510,0.472,0.429,0.406,0.382,0.359,0.319,0.257,0.213,0.187,0.147,0.095,0
E06000055,0.744,0.732,0.716,0.705,0.692,0.674,0.658,0.640,0.623,0.606,0.590,0.574,0.555,0.539,0.520,0.487,0.451,0.427,0.398,0.372,0.324,0.261,0.225,0.195,0.151,0.097,0
E06000056,0.814,0.804,0.784,0.764,0.746,0.724,0.706,0.688,0.671,0.653,0.637,0.621,0.604,0.589,0.570,0.541,0.513,0.492,0.465,0.437,0.390,0.320,0.274,0.246,0.202,0.139,0
E06000057,0.671,0.656,0.637,0.621,0.600,0.574,0.553,0.534,0.516,0.497,0.480,0.462,0.443,0.427,0.406,0.369,0.332,0.312,0.294,0.274,0.242,0.194,0.161,0.140,0.108,0.069,0
E06000058,0.730,0.718,0.702,0.689,0.672,0.651,0.634,0.618,0.601,0.581,0.562,0.544,0.521,0.498,0.471,0.430,0.391,0.370,0.351,0.331,0.297,0.245,0.210,0.189,0.150,0.098,0
E06000059,0.725,0.711,0.693,0.677,0.657,0.632,0.611,0.592,0.571,0.549,0.530,0.512,0.492,0.470,0.442,0.406,0.376,0.359,0.339,0.317,0.279,0.221,0.184,0.162,0.127,0.082,0
E06000060,0.714,0.701,0.683,0.669,0.653,0.630,0.610,0.593,0.577,0.559,0.542,0.523,0.501,0.483,0.461,0.423,0.386,0.367,0.348,0.328,0.291,0.237,0.202,0.179,0.139,0.089,0
E06000061,0.724,0.710,0.692,0.678,0.662,0.639,0.618,0.597,0.576,0.553,0.532,0.513,0.493,0.475,0.453,0.422,0.395,0.378,0.356,0.333,0.294,0.240,0.207,0.184,0.147,0.097,0
E06000062,0.731,0.716,0.698,0.684,0.667,0.643,0.623,0.604,0.585,0.565,0.548,0.530,0.504,0.479,0.454,0.424,0.396,0.379,0.357,0.332,0.292,0.236,0.199,0.175,0.138,0.091,0
E07000008,0.719,0.709,0.696,0.687,0.674,0.656,0.642,0.629,0.614,0.599,0.585,0.570,0.552,0.532,0.507,0.478,0.453,0.437,0.419,0.400,0.358,0.292,0.247,0.220,0.178,0.118,0
E07000009,0.777,0.768,0.756,0.746,0.735,0.716,0.698,0.682,0.649,0.609,0.586,0.566,0.545,0.527,0.504,0.474,0.450,0.435,0.417,0.398,0.365,0.315,0.278,0.253,0.214,0.152,0
E07000010,0.726,0.713,0.694,0.680,0.663,0.645,0.627,0.604,0.588,0.576,0.563,0.543,0.508,0.474,0.446,0.414,0.387,0.371,0.353,0.334,0.298,0.244,0.208,0.186,0.152,0.101,0
E07000011,0.947,0.878,0.779,0.737,0.712,0.686,0.665,0.647,0.629,0.608,0.590,0.572,0.551,0.533,0.512,0.478,0.444,0.425,0.404,0.382,0.340,0.279,0.238,0.211,0.166,0.107,0
E07000012,0.919,0.915,0.910,0.907,0.902,0.896,0.890,0.884,0.786,0.651,0.594,0.559,0.529,0.506,0.484,0.445,0.405,0.384,0.364,0.343,0.320,0.290,0.269,0.256,0.233,0.178,0
E07000026,0.680,0.654,0.618,0.597,0.578,0.556,0.540,0.525,0.509,0.491,0.475,0.457,0.437,0.421,0.397,0.355,0.318,0.300,0.281,0.261,0.228,0.180,0.151,0.131,0.100,0.066,0
E07000027,0.675,0.663,0.647,0.635,0.619,0.596,0.577,0.559,0.541,0.521,0.504,0.487,0.469,0.454,0.440,0.415,0.388,0.369,0.347,0.325,0.288,0.239,0.206,0.180,0.139,0.088,0
E07000028,0.670,0.654,0.633,0.617,0.597,0.569,0.546,0.526,0.507,0.486,0.467,0.448,0.428,0.408,0.380,0.344,0.314,0.299,0.285,0.271,0.239,0.190,0.158,0.137,0.106,0.068,0
E07000029,0.576,0.562,0.541,0.524,0.505,0.479,0.457,0.438,0.420,0.402,0.385,0.367,0.345,0.324,0.304,0.279,0.257,0.244,0.228,0.212,0.182,0.139,0.111,0.096,0.075,0.049,0
E07000030,0.714,0.702,0.684,0.667,0.646,0.622,0.605,0.593,0.582,0.569,0.555,0.537,0.515,0.496,0.470,0.416,0.364,0.337,0.316,0.296,0.253,0.191,0.151,0.129,0.100,0.064,0
E07000031,0.655,0.639,0.616,0.597,0.574,0.547,0.526,0.508,0.491,0.473,0.458,0.442,0.422,0.404,0.386,0.350,0.311,0.291,0.273,0.257,0.220,0.168,0.137,0.116,0.088,0.057,0
E07000032,0.645,0.633,0.617,0.605,0.588,0.565,0.548,0.534,0.521,0.507,0.495,0.481,0.467,0.454,0.441,0.415,0.388,0.375,0.360,0.344,0.306,0.246,0.203,0.177,0.140,0.092,0
E07000033,0.656,0.642,0.624,0.609,0.589,0.559,0.535,0.514,0.494,0.472,0.451,0.432,0.413,0.398,0.378,0.346,0.317,0.300,0.283,0.266,0.237,0.191,0.157,0.137,0.108,0.072,0
E07000034,0.633,0.620,0.602,0.589,0.571,0.546,0.523,0.503,0.483,0.464,0.448,0.433,0.416,0.397,0.374,0.343,0.315,0.299,0.283,0.266,0.234,0.192,0.166,0.148,0.118,0.078,0
E07000035,0.694,0.681,0.663,0.644,0.623,0.603,0.589,0.577,0.565,0.550,0.537,0.523,0.507,0.489,0.466,0.438,0.417,0.404,0.390,0.376,0.339,0.281,0.243,0.217,0.175,0.118,0
E07000036,0.623,0.609,0.588,0.573,0.553,0.526,0.506,0.488,0.470,0.451,0.435,0.418,0.400,0.381,0.359,0.328,0.299,0.283,0.267,0.250,0.221,0.182,0.158,0.137,0.105,0.069,0
E07000037,0.669,0.656,0.638,0.622,0.606,0.585,0.566,0.549,0.532,0.513,0.496,0.480,0.461,0.443,0.420,0.385,0.353,0.336,0.318,0.297,0.259,0.203,0.166,0.144,0.110,0.070,0
E07000038,0.629,0.615,0.596,0.583,0.565,0.540,0.518,0.499,0.481,0.462,0.445,0.429,0.411,0.393,0.372,0.344,0.319,0.305,0.288,0.272,0.241,0.192,0.159,0.139,0.109,0.071,0
E07000039,0.714,0.701,0.683,0.670,0.653,0.626,0.599,0.574,0.550,0.527,0.509,0.492,0.475,0.457,0.435,0.404,0.376,0.362,0.344,0.325,0.286,0.229,0.192,0.169,0.131,0.082,0
E07000040,0.778,0.761,0.742,0.727,0.709,0.686,0.666,0.648,0.631,0.614,0.599,0.581,0.559,0.542,0.522,0.481,0.440,0.416,0.388,0.360,0.312,0.249,0.213,0.185,0.141,0.091,0
E07000041,0.715,0.702,0.685,0.673,0.661,0.644,0.630,0.616,0.602,0.587,0.574,0.558,0.538,0.516,0.488,0.457,0.430,0.414,0.396,0.376,0.339,0.280,0.237,0.210,0.168,0.111,0
E07000042,0.800,0.789,0.774,0.760,0.743,0.725,0.710,0.695,0.681,0.666,0.652,0.636,0.616,0.599,0.576,0.536,0.499,0.478,0.450,0.420,0.370,0.295,0.246,0.214,0.162,0.103,0
E07000043,0.733,0.721,0.703,0.688,0.669,0.646,0.627,0.610,0.592,0.573,0.556,0.537,0.516,0.493,0.460,0.416,0.383,0.364,0.345,0.327,0.290,0.233,0.198,0.170,0.127,0.080,0
E07000044,0.738,0.725,0.707,0.692,0.684,0.666,0.639,0.618,0.599,0.581,0.564,0.547,0.528,0.506,0.471,0.425,0.391,0.372,0.353,0.336,0.296,0.233,0.193,0.168,0.127,0.079,0
E07000045,0.770,0.756,0.738,0.723,0.703,0.682,0.666,0.651,0.637,0.622,0.609,0.593,0.572,0.547,0.516,0.479,0.445,0.425,0.401,0.377,0.331,0.264,0.223,0.195,0.151,0.098,0
E07000046,0.791,0.780,0.762,0.745,0.725,0.704,0.688,0.672,0.654,0.632,0.612,0.591,0.567,0.543,0.507,0.460,0.426,0.403,0.376,0.352,0.305,0.237,0.194,0.168,0.129,0.082,0
E07000047,0.762,0.748,0.728,0.709,0.689,0.668,0.652,0.635,0.616,0.597,0.580,0.561,0.541,0.518,0.481,0.435,0.401,0.381,0.359,0.338,0.297,0.236,0.198,0.173,0.133,0.085,0
E07000061,0.732,0.718,0.698,0.683,0.664,0.638,0.617,0.597,0.577,0.555,0.536,0.516,0.494,0.468,0.435,0.398,0.368,0.351,0.334,0.318,0.282,0.230,0.199,0.175,0.134,0.086,0
E07000062,0.745,0.731,0.714,0.701,0.685,0.663,0.645,0.627,0.609,0.589,0.571,0.551,0.529,0.507,0.477,0.437,0.404,0.385,0.362,0.338,0.294,0.233,0.197,0.172,0.131,0.082,0
E07000063,0.745,0.733,0.717,0.703,0.686,0.665,0.648,0.632,0.615,0.594,0.576,0.556,0.530,0.506,0.481,0.440,0.402,0.381,0.360,0.337,0.292,0.226,0.184,0.158,0.124,0.082,0
E07000064,0.756,0.743,0.726,0.713,0.697,0.678,0.661,0.644,0.626,0.607,0.590,0.572,0.550,0.529,0.496,0.455,0.423,0.403,0.384,0.365,0.316,0.244,0.202,0.176,0.137,0.089,0
E07000065,0.752,0.738,0.720,0.706,0.688,0.664,0.646,0.629,0.613,0.595,0.579,0.562,0.542,0.520,0.485,0.441,0.408,0.389,0.369,0.352,0.311,0.248,0.209,0.183,0.140,0.090,0
E07000066,0.687,0.672,0.652,0.636,0.618,0.593,0.573,0.554,0.535,0.514,0.496,0.478,0.458,0.442,0.417,0.378,0.346,0.329,0.309,0.290,0.255,0.203,0.169,0.147,0.114,0.073,0
E07000067,0.894,0.888,0.875,0.865,0.855,0.844,0.834,0.825,0.814,0.802,0.791,0.781,0.771,0.761,0.749,0.735,0.723,0.715,0.702,0.687,0.651,0.595,0.556,0.526,0.465,0.342,0
E07000068,0.709,0.698,0.683,0.672,0.659,0.641,0.623,0.605,0.586,0.565,0.546,0.526,0.505,0.487,0.461,0.422,0.390,0.374,0.356,0.339,0.302,0.244,0.208,0.184,0.144,0.093,0
E07000069,0.712,0.699,0.683,0.670,0.652,0.628,0.607,0.588,0.569,0.550,0.534,0.518,0.502,0.486,0.465,0.440,0.421,0.408,0.387,0.362,0.321,0.259,0.217,0.188,0.141,0.087,0
E07000070,0.722,0.709,0.690,0.676,0.660,0.637,0.617,0.599,0.581,0.562,0.545,0.526,0.503,0.483,0.465,0.429,0.391,0.372,0.351,0.328,0.295,0.243,0.203,0.179,0.143,0.095,0
E07000071,0.742,0.730,0.707,0.683,0.665,0.646,0.628,0.612,0.596,0.579,0.564,0.545,0.524,0.503,0.477,0.440,0.406,0.390,0.369,0.345,0.306,0.245,0.202,0.178,0.141,0.091,0
E07000072,0.800,0.788,0.774,0.763,0.749,0.729,0.711,0.695,0.677,0.658,0.640,0.620,0.595,0.570,0.543,0.500,0.459,0.436,0.411,0.387,0.351,0.295,0.256,0.225,0.174,0.113,0
E07000073,0.771,0.737,0.697,0.668,0.647,0.624,0.604,0.584,0.566,0.548,0.532,0.516,0.498,0.479,0.456,0.426,0.398,0.382,0.361,0.340,0.308,0.260,0.226,0.203,0.161,0.105,0
E07000074,0.692,0.675,0.652,0.633,0.615,0.592,0.571,0.552,0.531,0.507,0.486,0.467,0.446,0.424,0.396,0.363,0.336,0.321,0.303,0.284,0.244,0.186,0.151,0.132,0.104,0.069,0
E07000075,0.675,0.661,0.643,0.631,0.616,0.595,0.576,0.558,0.542,0.524,0.509,0.491,0.470,0.450,0.424,0.390,0.362,0.347,0.330,0.311,0.273,0.219,0.186,0.165,0.131,0.085,0
E07000076,0.738,0.722,0.702,0.687,0.681,0.657,0.621,0.596,0.575,0.554,0.535,0.514,0.489,0.464,0.434,0.396,0.363,0.343,0.321,0.298,0.258,0.200,0.163,0.142,0.106,0.063,0
E07000077,0.729,0.717,0.701,0.689,0.675,0.656,0.640,0.623,0.605,0.585,0.567,0.548,0.525,0.503,0.475,0.435,0.398,0.379,0.361,0.346,0.300,0.235,0.203,0.178,0.139,0.091,0
E07000078,0.718,0.702,0.682,0.669,0.657,0.639,0.622,0.607,0.592,0.575,0.561,0.545,0.525,0.502,0.475,0.443,0.416,0.401,0.384,0.366,0.326,0.271,0.241,0.215,0.167,0.109,0
E07000079,0.754,0.740,0.723,0.709,0.691,0.670,0.653,0.636,0.620,0.606,0.596,0.583,0.562,0.538,0.502,0.454,0.419,0.399,0.377,0.353,0.299,0.231,0.195,0.169,0.131,0.085,0
E07000080,0.683,0.668,0.648,0.632,0.612,0.588,0.571,0.556,0.540,0.525,0.514,0.502,0.486,0.465,0.434,0.395,0.363,0.346,0.328,0.310,0.268,0.208,0.177,0.155,0.122,0.081,0
E07000081,0.684,0.670,0.653,0.639,0.623,0.600,0.577,0.557,0.538,0.519,0.501,0.481,0.459,0.439,0.418,0.381,0.343,0.324,0.304,0.284,0.253,0.211,0.187,0.163,0.123,0.078,0
E07000082,0.705,0.691,0.673,0.658,0.642,0.621,0.601,0.581,0.565,0.551,0.539,0.526,0.509,0.483,0.446,0.407,0.377,0.358,0.338,0.319,0.278,0.221,0.189,0.169,0.131,0.084,0
E07000083,0.748,0.730,0.704,0.687,0.668,0.645,0.626,0.610,0.593,0.576,0.562,0.546,0.521,0.497,0.473,0.440,0.412,0.393,0.372,0.353,0.310,0.241,0.196,0.171,0.135,0.089,0
E07000084,0.715,0.702,0.686,0.673,0.658,0.639,0.623,0.608,0.593,0.578,0.563,0.548,0.526,0.499,0.466,0.424,0.388,0.369,0.350,0.332,0.297,0.243,0.208,0.186,0.145,0.093,0
E07000085,0.738,0.726,0.709,0.696,0.679,0.657,0.639,0.621,0.605,0.588,0.572,0.555,0.537,0.520,0.498,0.466,0.436,0.416,0.392,0.369,0.322,0.259,0.226,0.196,0.147,0.094,0
E07000086,0.679,0.666,0.650,0.638,0.623,0.602,0.580,0.558,0.536,0.511,0.488,0.466,0.447,0.430,0.409,0.378,0.350,0.334,0.318,0.301,0.270,0.227,0.201,0.177,0.135,0.087,0
E07000087,0.666,0.651,0.632,0.617,0.599,0.573,0.551,0.532,0.512,0.492,0.477,0.462,0.443,0.419,0.388,0.351,0.320,0.303,0.285,0.267,0.237,0.194,0.169,0.152,0.118,0.075,0
E07000088,0.731,0.718,0.700,0.686,0.671,0.653,0.638,0.622,0.605,0.586,0.568,0.548,0.525,0.501,0.470,0.437,0.409,0.391,0.366,0.341,0.301,0.247,0.215,0.194,0.155,0.102,0
E07000089,0.799,0.791,0.735,0.666,0.629,0.599,0.576,0.553,0.531,0.511,0.495,0.478,0.459,0.439,0.413,0.381,0.356,0.342,0.326,0.309,0.276,0.224,0.191,0.168,0.132,0.087,0
E07000090,0.652,0.637,0.618,0.604,0.586,0.562,0.541,0.523,0.505,0.485,0.468,0.451,0.432,0.412,0.385,0.350,0.320,0.303,0.284,0.265,0.233,0.188,0.163,0.142,0.107,0.068,0
E07000091,0.674,0.660,0.641,0.626,0.609,0.588,0.571,0.555,0.539,0.524,0.510,0.491,0.466,0.434,0.395,0.355,0.325,0.310,0.295,0.279,0.247,0.200,0.173,0.154,0.119,0.076,0
E07000092,0.720,0.705,0.687,0.675,0.659,0.640,0.622,0.605,0.584,0.559,0.541,0.524,0.504,0.482,0.455,0.422,0.396,0.380,0.362,0.340,0.304,0.255,0.223,0.200,0.159,0.106,0
E07000093,0.728,0.714,0.698,0.686,0.671,0.653,0.635,0.617,0.599,0.583,0.571,0.560,0.547,0.532,0.513,0.479,0.445,0.426,0.405,0.385,0.345,0.284,0.242,0.213,0.167,0.108,0
E07000094,0.743,0.732,0.718,0.705,0.689,0.669,0.650,0.629,0.608,0.585,0.563,0.542,0.523,0.505,0.481,0.448,0.421,0.406,0.391,0.377,0.341,0.285,0.252,0.229,0.186,0.125,0
E07000095,0.680,0.667,0.650,0.633,0.615,0.592,0.572,0.551,0.531,0.511,0.491,0.468,0.443,0.423,0.403,0.362,0.322,0.302,0.283,0.266,0.241,0.200,0.173,0.153,0.118,0.075,0
E07000096,0.690,0.676,0.659,0.647,0.632,0.611,0.593,0.576,0.557,0.536,0.519,0.501,0.480,0.462,0.444,0.408,0.369,0.350,0.332,0.314,0.278,0.227,0.193,0.171,0.133,0.085,0
E07000098,0.831,0.801,0.758,0.737,0.720,0.699,0.678,0.657,0.637,0.614,0.592,0.571,0.550,0.530,0.507,0.475,0.446,0.426,0.400,0.373,0.331,0.270,0.230,0.198,0.151,0.098,0
E07000099,0.667,0.655,0.638,0.624,0.607,0.583,0.564,0.545,0.528,0.510,0.493,0.476,0.456,0.433,0.403,0.368,0.340,0.325,0.308,0.292,0.262,0.216,0.185,0.165,0.132,0.086,0
E07000102,0.779,0.754,0.720,0.701,0.682,0.659,0.638,0.617,0.593,0.565,0.540,0.519,0.499,0.480,0.455,0.420,0.388,0.368,0.344,0.318,0.278,0.221,0.183,0.160,0.123,0.077,0
E07000103,0.874,0.831,0.772,0.747,0.728,0.708,0.690,0.673,0.657,0.640,0.622,0.604,0.585,0.567,0.544,0.513,0.484,0.465,0.446,0.426,0.393,0.341,0.303,0.277,0.224,0.149,0
E07000105,0.756,0.743,0.726,0.713,0.698,0.678,0.661,0.643,0.625,0.607,0.591,0.570,0.538,0.511,0.481,0.440,0.409,0.391,0.372,0.351,0.308,0.245,0.206,0.183,0.147,0.099,0
E07000106,0.737,0.724,0.707,0.695,0.679,0.658,0.639,0.622,0.605,0.586,0.567,0.547,0.520,0.492,0.462,0.423,0.390,0.371,0.352,0.332,0.296,0.245,0.213,0.191,0.154,0.103,0
E07000107,0.717,0.705,0.688,0.676,0.662,0.643,0.624,0.605,0.586,0.566,0.547,0.528,0.508,0.487,0.460,0.426,0.395,0.377,0.356,0.335,0.297,0.241,0.207,0.180,0.137,0.088,0
E07000108,0.709,0.696,0.678,0.664,0.649,0.625,0.604,0.587,0.570,0.553,0.538,0.521,0.499,0.479,0.457,0.425,0.396,0.379,0.358,0.337,0.295,0.237,0.202,0.178,0.140,0.091,0
E07000109,0.708,0.696,0.680,0.668,0.653,0.632,0.615,0.600,0.585,0.570,0.556,0.540,0.520,0.504,0.486,0.449,0.409,0.388,0.366,0.344,0.302,0.243,0.206,0.179,0.137,0.088,0
E07000110,0.745,0.733,0.718,0.706,0.694,0.678,0.663,0.649,0.637,0.623,0.609,0.593,0.572,0.547,0.518,0.490,0.467,0.453,0.435,0.412,0.364,0.300,0.258,0.227,0.175,0.111,0
E07000111,0.663,0.649,0.630,0.616,0.598,0.574,0.554,0.537,0.520,0.500,0.483,0.464,0.442,0.425,0.408,0.375,0.341,0.324,0.306,0.288,0.250,0.199,0.169,0.149,0.117,0.076,0
E07000112,0.729,0.716,0.699,0.685,0.670,0.648,0.630,0.614,0.597,0.577,0.561,0.541,0.515,0.497,0.478,0.432,0.382,0.357,0.334,0.312,0.275,0.225,0.192,0.171,0.140,0.096,0
E07000113,0.708,0.695,0.676,0.663,0.647,0.625,0.606,0.587,0.566,0.542,0.522,0.502,0.477,0.454,0.432,0.400,0.371,0.353,0.331,0.309,0.270,0.218,0.189,0.164,0.123,0.078,0
E07000114,0.714,0.700,0.681,0.667,0.650,0.628,0.609,0.592,0.575,0.556,0.538,0.521,0.495,0.465,0.437,0.401,0.368,0.350,0.327,0.301,0.263,0.210,0.176,0.154,0.138,0.111,0
E07000115,0.718,0.706,0.691,0.679,0.665,0.646,0.629,0.612,0.594,0.575,0.556,0.538,0.517,0.499,0.480,0.444,0.407,0.387,0.366,0.344,0.300,0.242,0.209,0.183,0.140,0.089,0
E07000116,0.746,0.728,0.711,0.698,0.682,0.661,0.645,0.630,0.615,0.599,0.583,0.565,0.544,0.524,0.497,0.464,0.437,0.421,0.401,0.380,0.348,0.288,0.236,0.207,0.165,0.109,0
E07000117,0.705,0.693,0.677,0.665,0.648,0.622,0.598,0.576,0.556,0.536,0.518,0.501,0.483,0.468,0.450,0.419,0.386,0.368,0.349,0.330,0.288,0.231,0.198,0.174,0.134,0.085,0
E07000118,0.678,0.665,0.639,0.611,0.600,0.575,0.538,0.512,0.490,0.469,0.450,0.433,0.417,0.403,0.385,0.359,0.335,0.318,0.298,0.277,0.242,0.190,0.157,0.137,0.106,0.068,0
E07000119,0.782,0.770,0.754,0.742,0.725,0.701,0.682,0.668,0.654,0.640,0.626,0.613,0.599,0.585,0.566,0.540,0.515,0.498,0.476,0.452,0.401,0.322,0.270,0.233,0.205,0.164,0
E07000120,0.648,0.634,0.614,0.599,0.581,0.554,0.532,0.513,0.495,0.476,0.459,0.435,0.407,0.387,0.368,0.327,0.284,0.265,0.247,0.228,0.198,0.157,0.131,0.114,0.088,0.057,0
E07000121,0.685,0.670,0.650,0.634,0.613,0.584,0.563,0.545,0.528,0.510,0.494,0.478,0.458,0.441,0.424,0.392,0.358,0.341,0.323,0.303,0.266,0.216,0.188,0.164,0.141,0.112,0
E07000122,0.704,0.691,0.674,0.661,0.642,0.616,0.595,0.574,0.554,0.533,0.514,0.497,0.481,0.467,0.450,0.423,0.397,0.381,0.360,0.336,0.293,0.236,0.203,0.175,0.132,0.085,0
E07000123,0.746,0.734,0.719,0.707,0.693,0.675,0.660,0.647,0.632,0.616,0.602,0.587,0.572,0.558,0.540,0.516,0.495,0.480,0.461,0.440,0.402,0.344,0.306,0.279,0.226,0.151,0
E07000124,0.696,0.683,0.666,0.653,0.633,0.605,0.582,0.563,0.546,0.528,0.514,0.500,0.484,0.470,0.453,0.422,0.392,0.375,0.358,0.340,0.295,0.231,0.194,0.167,0.127,0.081,0
E07000125,0.676,0.662,0.643,0.628,0.610,0.585,0.563,0.543,0.524,0.504,0.485,0.467,0.445,0.427,0.411,0.377,0.340,0.321,0.304,0.287,0.255,0.206,0.173,0.152,0.118,0.076,0
E07000126,0.733,0.722,0.660,0.584,0.545,0.512,0.487,0.463,0.441,0.419,0.400,0.382,0.363,0.347,0.330,0.297,0.264,0.248,0.233,0.218,0.190,0.150,0.123,0.108,0.086,0.056,0
E07000127,0.736,0.724,0.704,0.691,0.678,0.661,0.645,0.630,0.613,0.596,0.579,0.563,0.545,0.529,0.510,0.483,0.456,0.438,0.415,0.389,0.342,0.273,0.230,0.200,0.154,0.099,0
E07000128,0.673,0.658,0.639,0.623,0.603,0.575,0.550,0.529,0.511,0.493,0.479,0.462,0.443,0.429,0.414,0.380,0.345,0.327,0.309,0.289,0.251,0.195,0.158,0.134,0.104,0.069,0
E07000129,0.687,0.674,0.638,0.599,0.573,0.546,0.523,0.505,0.487,0.469,0.452,0.435,0.410,0.383,0.359,0.328,0.300,0.284,0.266,0.247,0.217,0.176,0.150,0.133,0.105,0.068,0
E07000130,0.656,0.642,0.624,0.611,0.595,0.574,0.554,0.534,0.517,0.499,0.482,0.465,0.443,0.423,0.400,0.368,0.340,0.324,0.308,0.293,0.262,0.212,0.179,0.158,0.125,0.082,0
E07000131,0.701,0.687,0.668,0.653,0.634,0.609,0.589,0.571,0.555,0.538,0.522,0.503,0.481,0.458,0.432,0.401,0.374,0.358,0.341,0.323,0.285,0.226,0.187,0.164,0.126,0.079,0
E07000132,0.643,0.630,0.612,0.597,0.581,0.559,0.540,0.522,0.505,0.488,0.472,0.454,0.432,0.414,0.389,0.350,0.319,0.302,0.283,0.264,0.231,0.182,0.151,0.133,0.104,0.068,0
E07000133,0.714,0.700,0.680,0.663,0.646,0.625,0.608,0.592,0.576,0.560,0.546,0.529,0.508,0.486,0.460,0.427,0.400,0.384,0.367,0.349,0.300,0.227,0.184,0.157,0.121,0.077,0
E07000134,0.682,0.669,0.651,0.638,0.619,0.592,0.571,0.552,0.534,0.516,0.500,0.485,0.470,0.456,0.437,0.411,0.386,0.368,0.348,0.326,0.287,0.230,0.193,0.170,0.133,0.086,0
E07000135,0.628,0.615,0.595,0.581,0.564,0.538,0.513,0.488,0.467,0.450,0.434,0.418,0.401,0.381,0.357,0.329,0.305,0.292,0.277,0.261,0.236,0.196,0.166,0.148,0.120,0.080,0
E07000136,0.767,0.756,0.739,0.727,0.714,0.696,0.677,0.658,0.638,0.619,0.600,0.579,0.559,0.540,0.518,0.488,0.461,0.444,0.420,0.393,0.335,0.255,0.209,0.183,0.143,0.093,0
E07000137,0.742,0.728,0.708,0.690,0.666,0.638,0.616,0.597,0.579,0.561,0.543,0.524,0.497,0.470,0.444,0.414,0.388,0.370,0.350,0.330,0.284,0.216,0.176,0.151,0.116,0.074,0
E07000138,0.705,0.691,0.671,0.657,0.640,0.617,0.599,0.581,0.564,0.546,0.529,0.510,0.485,0.459,0.431,0.397,0.363,0.343,0.325,0.307,0.278,0.231,0.197,0.177,0.143,0.097,0
E07000139,0.735,0.722,0.702,0.685,0.669,0.648,0.629,0.611,0.593,0.574,0.558,0.538,0.511,0.481,0.447,0.408,0.375,0.357,0.337,0.318,0.281,0.229,0.198,0.173,0.134,0.088,0
E07000140,0.732,0.719,0.700,0.683,0.664,0.639,0.617,0.596,0.576,0.556,0.537,0.517,0.490,0.465,0.439,0.403,0.371,0.353,0.335,0.318,0.282,0.225,0.187,0.164,0.127,0.082,0
E07000141,0.712,0.699,0.681,0.666,0.648,0.624,0.604,0.586,0.568,0.548,0.531,0.513,0.487,0.463,0.438,0.402,0.372,0.354,0.334,0.313,0.275,0.221,0.189,0.164,0.127,0.082,0
E07000142,0.788,0.777,0.761,0.747,0.733,0.715,0.699,0.683,0.668,0.652,0.637,0.617,0.590,0.566,0.537,0.498,0.462,0.441,0.416,0.391,0.337,0.265,0.224,0.196,0.153,0.101,0
E07000143,0.733,0.718,0.698,0.683,0.666,0.646,0.630,0.615,0.600,0.582,0.565,0.544,0.518,0.496,0.471,0.422,0.374,0.350,0.330,0.309,0.271,0.214,0.177,0.154,0.117,0.073,0
E07000144,0.678,0.663,0.644,0.629,0.611,0.589,0.571,0.556,0.542,0.524,0.506,0.491,0.475,0.461,0.444,0.422,0.400,0.384,0.364,0.342,0.308,0.262,0.236,0.211,0.161,0.102,0
E07000145,0.666,0.651,0.631,0.617,0.601,0.579,0.559,0.539,0.518,0.497,0.478,0.456,0.432,0.404,0.374,0.339,0.308,0.291,0.275,0.258,0.225,0.181,0.156,0.132,0.095,0.060,0
E07000146,0.708,0.695,0.677,0.662,0.642,0.616,0.596,0.579,0.563,0.545,0.528,0.510,0.488,0.466,0.436,0.396,0.364,0.346,0.328,0.308,0.264,0.203,0.169,0.149,0.118,0.077,0
E07000147,0.709,0.695,0.676,0.659,0.642,0.622,0.606,0.592,0.577,0.561,0.544,0.524,0.498,0.476,0.452,0.406,0.359,0.336,0.316,0.298,0.254,0.188,0.147,0.125,0.096,0.062,0
E07000148,0.690,0.676,0.660,0.648,0.634,0.615,0.598,0.583,0.568,0.551,0.535,0.517,0.496,0.478,0.459,0.418,0.375,0.355,0.338,0.321,0.294,0.251,0.219,0.198,0.163,0.110,0
E07000149,0.708,0.691,0.671,0.656,0.640,0.620,0.603,0.589,0.574,0.558,0.542,0.524,0.501,0.482,0.454,0.414,0.382,0.363,0.345,0.326,0.289,0.235,0.203,0.179,0.138,0.089,0
E07000163,0.716,0.705,0.689,0.674,0.656,0.633,0.615,0.599,0.583,0.565,0.549,0.531,0.511,0.493,0.470,0.426,0.383,0.360,0.339,0.319,0.278,0.215,0.175,0.151,0.115,0.073,0
E07000164,0.726,0.706,0.685,0.668,0.648,0.623,0.603,0.585,0.569,0.551,0.535,0.519,0.499,0.479,0.452,0.416,0.389,0.373,0.355,0.339,0.302,0.245,0.207,0.180,0.141,0.093,0
E07000165,0.722,0.708,0.690,0.675,0.659,0.637,0.620,0.603,0.586,0.567,0.551,0.534,0.514,0.496,0.475,0.437,0.399,0.379,0.362,0.345,0.310,0.254,0.216,0.189,0.145,0.093,0
E07000166,0.806,0.760,0.730,0.707,0.681,0.654,0.637,0.624,0.613,0.601,0.587,0.569,0.538,0.503,0.463,0.417,0.387,0.370,0.351,0.331,0.286,0.224,0.189,0.165,0.130,0.085,0
E07000167,0.708,0.693,0.675,0.656,0.634,0.609,0.589,0.572,0.556,0.532,0.507,0.488,0.470,0.453,0.431,0.389,0.349,0.327,0.307,0.291,0.251,0.195,0.165,0.139,0.103,0.067,0
E07000168,0.696,0.683,0.664,0.648,0.628,0.605,0.587,0.572,0.556,0.539,0.522,0.504,0.483,0.466,0.446,0.406,0.368,0.348,0.328,0.310,0.269,0.211,0.179,0.152,0.112,0.070,0
E07000169,0.722,0.710,0.693,0.676,0.657,0.634,0.616,0.601,0.587,0.570,0.555,0.538,0.515,0.493,0.462,0.424,0.394,0.377,0.359,0.340,0.289,0.219,0.183,0.156,0.117,0.075,0
E07000170,0.630,0.616,0.596,0.582,0.565,0.541,0.522,0.505,0.489,0.473,0.458,0.439,0.415,0.388,0.357,0.322,0.293,0.276,0.257,0.238,0.209,0.168,0.139,0.122,0.096,0.063,0
E07000171,0.787,0.777,0.762,0.751,0.739,0.720,0.703,0.686,0.669,0.650,0.633,0.615,0.594,0.574,0.550,0.516,0.482,0.459,0.434,0.408,0.359,0.287,0.242,0.215,0.171,0.112,0
E07000172,0.612,0.597,0.578,0.565,0.547,0.521,0.501,0.483,0.465,0.446,0.430,0.414,0.391,0.367,0.344,0.315,0.292,0.278,0.260,0.242,0.215,0.178,0.156,0.140,0.112,0.074,0
E07000173,0.616,0.601,0.582,0.569,0.550,0.522,0.499,0.479,0.458,0.434,0.410,0.390,0.370,0.350,0.328,0.299,0.273,0.258,0.243,0.227,0.201,0.165,0.141,0.125,0.098,0.063,0
E07000174,0.647,0.633,0.615,0.601,0.585,0.562,0.542,0.522,0.505,0.489,0.474,0.457,0.437,0.415,0.388,0.359,0.333,0.317,0.298,0.278,0.242,0.196,0.171,0.150,0.116,0.075,0
E07000175,0.694,0.683,0.666,0.652,0.635,0.615,0.597,0.582,0.566,0.549,0.535,0.517,0.496,0.479,0.462,0.425,0.388,0.370,0.351,0.334,0.299,0.243,0.204,0.180,0.140,0.090,0
E07000176,0.658,0.644,0.623,0.607,0.590,0.567,0.547,0.530,0.513,0.494,0.477,0.461,0.441,0.425,0.408,0.374,0.339,0.320,0.303,0.287,0.254,0.210,0.182,0.162,0.129,0.085,0
E07000177,0.866,0.783,0.711,0.678,0.651,0.624,0.603,0.586,0.569,0.551,0.536,0.519,0.500,0.483,0.459,0.424,0.396,0.382,0.363,0.343,0.309,0.255,0.217,0.192,0.148,0.094,0
E07000178,0.863,0.774,0.733,0.714,0.697,0.677,0.659,0.640,0.620,0.599,0.578,0.558,0.538,0.519,0.496,0.465,0.438,0.422,0.403,0.383,0.348,0.296,0.262,0.238,0.192,0.129,0
E07000179,0.767,0.720,0.690,0.673,0.656,0.634,0.616,0.598,0.580,0.560,0.542,0.522,0.498,0.478,0.459,0.423,0.384,0.365,0.347,0.331,0.297,0.244,0.208,0.183,0.143,0.092,0
E07000180,0.710,0.688,0.669,0.657,0.643,0.623,0.606,0.589,0.571,0.550,0.533,0.516,0.497,0.481,0.463,0.431,0.400,0.383,0.367,0.352,0.317,0.261,0.222,0.196,0.156,0.102,0
E07000181,0.922,0.869,0.793,0.708,0.663,0.632,0.610,0.589,0.570,0.550,0.533,0.515,0.495,0.477,0.457,0.420,0.383,0.365,0.348,0.332,0.296,0.242,0.207,0.183,0.144,0.094,0
E07000187,0.695,0.681,0.661,0.641,0.617,0.592,0.573,0.556,0.539,0.521,0.504,0.486,0.467,0.446,0.418,0.380,0.349,0.333,0.314,0.295,0.254,0.200,0.171,0.149,0.113,0.071,0
E07000188,0.710,0.698,0.679,0.664,0.646,0.624,0.605,0.588,0.570,0.549,0.531,0.511,0.487,0.462,0.430,0.389,0.356,0.337,0.318,0.299,0.261,0.212,0.185,0.160,0.121,0.078,0
E07000189,0.725,0.711,0.694,0.679,0.661,0.641,0.624,0.608,0.590,0.569,0.550,0.530,0.507,0.481,0.447,0.408,0.378,0.361,0.340,0.318,0.276,0.214,0.174,0.148,0.111,0.070,0
E07000192,0.663,0.651,0.633,0.607,0.572,0.541,0.520,0.502,0.485,0.466,0.448,0.431,0.411,0.390,0.365,0.336,0.311,0.298,0.282,0.267,0.238,0.192,0.161,0.139,0.107,0.069,0
E07000193,0.713,0.702,0.685,0.672,0.657,0.637,0.619,0.602,0.583,0.564,0.545,0.527,0.511,0.495,0.477,0.449,0.423,0.405,0.388,0.373,0.342,0.288,0.251,0.220,0.168,0.109,0
E07000194,0.661,0.649,0.633,0.612,0.585,0.559,0.538,0.518,0.501,0.483,0.467,0.450,0.433,0.414,0.390,0.359,0.333,0.317,0.301,0.283,0.244,0.189,0.158,0.140,0.109,0.070,0
E07000195,0.780,0.644,0.584,0.556,0.534,0.510,0.490,0.472,0.455,0.438,0.423,0.406,0.382,0.356,0.330,0.298,0.272,0.258,0.242,0.225,0.198,0.160,0.138,0.123,0.097,0.064,0
E07000196,0.619,0.588,0.564,0.546,0.524,0.496,0.475,0.457,0.439,0.420,0.402,0.385,0.367,0.351,0.334,0.304,0.274,0.258,0.243,0.229,0.208,0.166,0.131,0.111,0.083,0.052,0
E07000197,0.782,0.688,0.644,0.621,0.611,0.590,0.560,0.538,0.520,0.503,0.489,0.472,0.453,0.435,0.410,0.379,0.355,0.340,0.323,0.306,0.265,0.201,0.162,0.141,0.111,0.074,0
E07000198,0.673,0.609,0.572,0.549,0.527,0.499,0.475,0.454,0.435,0.416,0.400,0.384,0.367,0.348,0.324,0.294,0.270,0.256,0.242,0.227,0.196,0.151,0.123,0.106,0.079,0.048,0
E07000199,0.621,0.604,0.583,0.567,0.548,0.521,0.499,0.480,0.462,0.443,0.424,0.406,0.387,0.368,0.342,0.312,0.289,0.276,0.262,0.248,0.222,0.182,0.152,0.132,0.102,0.066,0
E07000200,0.665,0.653,0.635,0.620,0.601,0.579,0.561,0.545,0.529,0.512,0.496,0.479,0.459,0.435,0.406,0.374,0.348,0.333,0.318,0.303,0.268,0.215,0.182,0.161,0.127,0.084,0
E07000202,0.663,0.650,0.632,0.620,0.603,0.578,0.556,0.538,0.520,0.500,0.483,0.464,0.444,0.422,0.400,0.369,0.339,0.322,0.303,0.281,0.248,0.202,0.172,0.152,0.121,0.081,0
E07000203,0.719,0.705,0.687,0.672,0.654,0.631,0.612,0.593,0.574,0.554,0.538,0.520,0.500,0.483,0.464,0.428,0.391,0.373,0.358,0.342,0.295,0.225,0.187,0.165,0.130,0.085,0
E07000207,0.731,0.717,0.699,0.687,0.673,0.653,0.634,0.615,0.595,0.574,0.555,0.538,0.519,0.496,0.469,0.436,0.407,0.390,0.370,0.350,0.317,0.271,0.237,0.209,0.164,0.106,0
E07000208,0.697,0.682,0.663,0.648,0.627,0.599,0.577,0.555,0.533,0.510,0.491,0.473,0.452,0.435,0.418,0.380,0.341,0.321,0.302,0.285,0.258,0.215,0.185,0.164,0.126,0.080,0
E07000209,0.695,0.682,0.665,0.652,0.634,0.611,0.590,0.569,0.549,0.530,0.515,0.500,0.482,0.460,0.433,0.400,0.372,0.358,0.342,0.325,0.294,0.248,0.217,0.197,0.161,0.109,0
E07000210,0.710,0.696,0.679,0.666,0.647,0.622,0.601,0.582,0.563,0.541,0.521,0.502,0.480,0.460,0.440,0.407,0.372,0.353,0.333,0.313,0.275,0.219,0.183,0.161,0.126,0.082,0
E07000211,0.723,0.711,0.694,0.680,0.663,0.638,0.616,0.594,0.571,0.546,0.522,0.502,0.484,0.469,0.449,0.421,0.395,0.378,0.360,0.340,0.306,0.255,0.221,0.197,0.153,0.098,0
E07000212,0.691,0.679,0.662,0.650,0.634,0.612,0.593,0.575,0.557,0.537,0.521,0.505,0.484,0.461,0.434,0.400,0.370,0.354,0.337,0.319,0.287,0.242,0.214,0.192,0.149,0.097,0
E07000213,0.758,0.747,0.732,0.721,0.706,0.684,0.665,0.647,0.629,0.610,0.593,0.576,0.558,0.541,0.520,0.492,0.467,0.451,0.427,0.402,0.359,0.299,0.264,0.236,0.182,0.116,0
E07000214,0.779,0.755,0.722,0.705,0.688,0.665,0.647,0.629,0.610,0.590,0.571,0.551,0.530,0.514,0.501,0.468,0.428,0.407,0.387,0.367,0.336,0.284,0.245,0.218,0.170,0.109,0
E07000215,0.690,0.675,0.656,0.642,0.624,0.600,0.583,0.570,0.553,0.533,0.513,0.490,0.460,0.431,0.403,0.364,0.329,0.309,0.290,0.271,0.235,0.187,0.162,0.142,0.107,0.067,0
E07000216,0.704,0.691,0.674,0.661,0.645,0.623,0.604,0.587,0.569,0.548,0.529,0.512,0.493,0.471,0.443,0.410,0.381,0.365,0.349,0.334,0.298,0.246,0.214,0.190,0.146,0.093,0
E07000217,0.730,0.720,0.705,0.692,0.677,0.657,0.639,0.621,0.600,0.574,0.552,0.533,0.516,0.500,0.481,0.453,0.427,0.412,0.395,0.380,0.350,0.304,0.274,0.251,0.205,0.139,0
E07000218,0.593,0.579,0.560,0.547,0.530,0.507,0.489,0.473,0.457,0.442,0.427,0.410,0.390,0.373,0.356,0.322,0.288,0.271,0.254,0.237,0.205,0.158,0.130,0.113,0.086,0.054,0
E07000219,0.623,0.609,0.590,0.576,0.559,0.535,0.516,0.499,0.482,0.464,0.447,0.427,0.404,0.386,0.370,0.337,0.301,0.284,0.265,0.246,0.216,0.177,0.154,0.135,0.101,0.064,0
E07000220,0.688,0.674,0.657,0.643,0.624,0.600,0.580,0.561,0.542,0.522,0.504,0.486,0.460,0.435,0.411,0.379,0.351,0.335,0.317,0.300,0.265,0.214,0.182,0.160,0.123,0.080,0
E07000221,0.744,0.716,0.685,0.665,0.646,0.624,0.604,0.586,0.567,0.549,0.533,0.516,0.497,0.476,0.447,0.411,0.383,0.367,0.350,0.333,0.295,0.236,0.197,0.172,0.134,0.085,0
E07000222,0.697,0.684,0.667,0.655,0.637,0.611,0.591,0.573,0.556,0.539,0.523,0.506,0.484,0.461,0.439,0.411,0.386,0.372,0.358,0.343,0.310,0.260,0.228,0.205,0.160,0.102,0
E07000223,0.739,0.724,0.704,0.690,0.673,0.652,0.633,0.614,0.596,0.575,0.557,0.538,0.516,0.497,0.475,0.442,0.411,0.392,0.368,0.343,0.305,0.247,0.207,0.183,0.144,0.094,0
E07000224,0.767,0.754,0.736,0.722,0.703,0.678,0.658,0.639,0.620,0.600,0.585,0.567,0.546,0.528,0.507,0.466,0.430,0.410,0.388,0.366,0.327,0.266,0.224,0.200,0.159,0.105,0
E07000225,0.734,0.723,0.701,0.680,0.664,0.643,0.624,0.606,0.589,0.570,0.553,0.534,0.512,0.487,0.450,0.407,0.376,0.360,0.341,0.322,0.282,0.220,0.181,0.159,0.123,0.078,0
E07000226,0.725,0.714,0.699,0.688,0.677,0.662,0.647,0.634,0.623,0.611,0.597,0.578,0.555,0.538,0.522,0.489,0.450,0.425,0.403,0.384,0.354,0.301,0.258,0.229,0.184,0.123,0
E07000227,0.784,0.773,0.750,0.728,0.710,0.688,0.671,0.656,0.644,0.632,0.620,0.605,0.586,0.570,0.554,0.519,0.481,0.459,0.436,0.413,0.365,0.292,0.245,0.213,0.161,0.100,0
E07000228,0.709,0.696,0.681,0.669,0.655,0.636,0.619,0.602,0.586,0.569,0.553,0.532,0.508,0.487,0.466,0.427,0.389,0.370,0.353,0.337,0.300,0.252,0.225,0.201,0.158,0.104,0
E07000229,0.789,0.776,0.758,0.744,0.729,0.710,0.693,0.677,0.661,0.644,0.629,0.613,0.595,0.576,0.554,0.524,0.496,0.478,0.454,0.429,0.384,0.313,0.265,0.233,0.183,0.120,0
E07000234,0.644,0.631,0.614,0.600,0.582,0.556,0.535,0.516,0.498,0.478,0.461,0.444,0.424,0.408,0.381,0.343,0.314,0.299,0.285,0.272,0.237,0.187,0.159,0.137,0.103,0.066,0
E07000235,0.688,0.675,0.655,0.638,0.621,0.602,0.586,0.571,0.555,0.538,0.524,0.507,0.487,0.470,0.441,0.399,0.365,0.347,0.329,0.312,0.268,0.207,0.175,0.151,0.114,0.071,0
E07000236,0.646,0.633,0.614,0.599,0.580,0.556,0.537,0.518,0.499,0.478,0.459,0.442,0.423,0.407,0.382,0.344,0.313,0.297,0.283,0.268,0.236,0.191,0.163,0.142,0.107,0.067,0
E07000237,0.677,0.661,0.642,0.628,0.612,0.590,0.568,0.546,0.525,0.501,0.480,0.462,0.445,0.430,0.409,0.377,0.348,0.330,0.311,0.293,0.262,0.214,0.184,0.164,0.131,0.087,0
E07000238,0.741,0.729,0.693,0.651,0.623,0.596,0.575,0.558,0.541,0.523,0.508,0.493,0.475,0.458,0.432,0.392,0.359,0.339,0.320,0.301,0.259,0.204,0.175,0.152,0.132,0.105,0
E07000239,0.623,0.610,0.590,0.575,0.558,0.537,0.518,0.500,0.482,0.464,0.448,0.431,0.411,0.386,0.356,0.322,0.293,0.278,0.261,0.245,0.211,0.163,0.135,0.118,0.107,0.086,0
E07000240,0.688,0.676,0.660,0.648,0.633,0.611,0.590,0.568,0.545,0.522,0.503,0.485,0.462,0.443,0.411,0.363,0.326,0.307,0.291,0.275,0.245,0.201,0.171,0.151,0.119,0.076,0
E07000241,0.789,0.780,0.767,0.758,0.745,0.727,0.709,0.691,0.671,0.649,0.629,0.611,0.594,0.579,0.559,0.527,0.497,0.479,0.455,0.428,0.385,0.318,0.269,0.238,0.189,0.125,0
E07000242,0.691,0.678,0.659,0.646,0.629,0.607,0.589,0.572,0.554,0.533,0.514,0.494,0.469,0.440,0.408,0.374,0.346,0.330,0.313,0.296,0.262,0.213,0.182,0.159,0.121,0.077,0
E07000243,0.739,0.721,0.696,0.680,0.665,0.645,0.629,0.611,0.592,0.569,0.547,0.526,0.506,0.487,0.463,0.432,0.405,0.389,0.367,0.345,0.307,0.256,0.229,0.204,0.157,0.101,0
E07000244,0.719,0.707,0.690,0.677,0.664,0.646,0.630,0.613,0.595,0.577,0.563,0.547,0.525,0.507,0.489,0.452,0.413,0.393,0.371,0.348,0.311,0.259,0.226,0.202,0.161,0.106,0
E07000245,0.725,0.713,0.697,0.684,0.665,0.642,0.623,0.606,0.588,0.568,0.550,0.531,0.508,0.489,0.468,0.430,0.393,0.376,0.358,0.339,0.294,0.230,0.192,0.169,0.131,0.084,0
E07000246,0.731,0.717,0.699,0.686,0.669,0.647,0.629,0.611,0.594,0.576,0.560,0.542,0.518,0.495,0.469,0.434,0.406,0.389,0.366,0.340,0.295,0.238,0.205,0.179,0.135,0.085,0
E08000001,0.641,0.628,0.610,0.596,0.579,0.556,0.536,0.517,0.496,0.473,0.453,0.434,0.414,0.397,0.376,0.348,0.323,0.308,0.288,0.265,0.234,0.190,0.160,0.140,0.110,0.073,0
E08000002,0.656,0.631,0.607,0.588,0.569,0.545,0.525,0.507,0.488,0.468,0.451,0.431,0.407,0.389,0.372,0.334,0.295,0.274,0.254,0.234,0.203,0.160,0.132,0.116,0.090,0.057,0
E08000003,0.771,0.760,0.746,0.733,0.717,0.698,0.682,0.665,0.649,0.631,0.614,0.595,0.574,0.555,0.531,0.496,0.464,0.446,0.425,0.403,0.363,0.301,0.258,0.229,0.183,0.123,0
E08000004,0.648,0.631,0.607,0.591,0.569,0.539,0.514,0.491,0.470,0.449,0.429,0.408,0.384,0.365,0.347,0.313,0.280,0.262,0.243,0.225,0.196,0.154,0.125,0.108,0.083,0.053,0
E08000005,0.676,0.662,0.643,0.627,0.606,0.577,0.554,0.534,0.516,0.496,0.478,0.461,0.445,0.430,0.410,0.379,0.351,0.333,0.306,0.276,0.239,0.187,0.153,0.132,0.101,0.065,0
E08000006,0.690,0.678,0.660,0.644,0.632,0.617,0.602,0.589,0.569,0.546,0.530,0.513,0.493,0.471,0.444,0.411,0.383,0.367,0.349,0.330,0.298,0.249,0.215,0.192,0.156,0.106,0
E08000007,0.637,0.623,0.604,0.591,0.573,0.548,0.528,0.510,0.493,0.471,0.451,0.433,0.416,0.402,0.386,0.361,0.336,0.321,0.302,0.282,0.249,0.202,0.169,0.149,0.117,0.074,0
E08000008,0.649,0.634,0.615,0.601,0.582,0.555,0.534,0.515,0.495,0.474,0.453,0.433,0.413,0.395,0.374,0.344,0.316,0.301,0.283,0.264,0.233,0.187,0.155,0.135,0.104,0.067,0
E08000009,0.675,0.663,0.648,0.636,0.620,0.597,0.580,0.563,0.547,0.529,0.513,0.496,0.474,0.455,0.436,0.399,0.361,0.340,0.320,0.299,0.266,0.216,0.183,0.161,0.125,0.080,0
E08000010,0.625,0.611,0.587,0.571,0.553,0.529,0.510,0.494,0.479,0.463,0.447,0.428,0.405,0.387,0.368,0.335,0.304,0.289,0.274,0.258,0.233,0.192,0.161,0.141,0.108,0.068,0
E08000011,0.557,0.541,0.519,0.504,0.486,0.461,0.440,0.421,0.404,0.387,0.372,0.358,0.345,0.333,0.319,0.298,0.277,0.262,0.244,0.225,0.198,0.159,0.132,0.116,0.090,0.058,0
E08000012,0.644,0.633,0.621,0.611,0.592,0.562,0.538,0.519,0.501,0.484,0.468,0.451,0.433,0.416,0.398,0.369,0.340,0.323,0.305,0.286,0.254,0.208,0.178,0.157,0.123,0.080,0
E08000013,0.633,0.621,0.603,0.590,0.572,0.547,0.527,0.508,0.490,0.474,0.459,0.443,0.427,0.413,0.399,0.375,0.352,0.338,0.318,0.296,0.262,0.213,0.179,0.156,0.121,0.078,0
E08000014,0.647,0.634,0.616,0.603,0.586,0.562,0.541,0.521,0.503,0.485,0.468,0.450,0.431,0.414,0.394,0.367,0.341,0.324,0.305,0.282,0.246,0.194,0.159,0.138,0.105,0.066,0
E08000015,0.655,0.641,0.620,0.605,0.586,0.564,0.545,0.527,0.508,0.487,0.467,0.449,0.431,0.414,0.395,0.369,0.345,0.329,0.309,0.287,0.254,0.207,0.175,0.156,0.123,0.081,0
E08000016,0.629,0.617,0.602,0.590,0.571,0.544,0.523,0.505,0.485,0.463,0.445,0.426,0.406,0.388,0.368,0.336,0.304,0.287,0.271,0.255,0.230,0.193,0.168,0.149,0.117,0.077,0
E08000017,0.638,0.625,0.605,0.590,0.569,0.539,0.517,0.499,0.481,0.464,0.448,0.431,0.413,0.394,0.370,0.344,0.322,0.308,0.289,0.269,0.234,0.181,0.145,0.125,0.098,0.064,0
E08000018,0.615,0.601,0.582,0.567,0.548,0.524,0.504,0.485,0.467,0.450,0.436,0.418,0.399,0.383,0.359,0.323,0.293,0.275,0.256,0.236,0.207,0.165,0.139,0.122,0.095,0.064,0
E08000019,0.638,0.623,0.601,0.582,0.561,0.533,0.510,0.491,0.472,0.453,0.435,0.414,0.386,0.358,0.332,0.300,0.273,0.259,0.244,0.228,0.202,0.162,0.136,0.118,0.093,0.061,0
E08000021,0.687,0.675,0.659,0.646,0.629,0.606,0.587,0.572,0.557,0.542,0.529,0.512,0.486,0.459,0.437,0.413,0.390,0.377,0.361,0.342,0.311,0.262,0.225,0.199,0.159,0.107,0
E08000022,0.648,0.634,0.613,0.596,0.581,0.559,0.539,0.522,0.505,0.486,0.468,0.450,0.421,0.394,0.371,0.341,0.318,0.304,0.288,0.271,0.239,0.198,0.173,0.149,0.111,0.070,0
E08000023,0.616,0.604,0.587,0.575,0.559,0.538,0.525,0.513,0.501,0.489,0.478,0.463,0.438,0.415,0.396,0.372,0.350,0.336,0.318,0.299,0.271,0.226,0.193,0.169,0.132,0.086,0
E08000024,0.618,0.605,0.587,0.572,0.548,0.518,0.493,0.471,0.453,0.436,0.420,0.401,0.374,0.346,0.323,0.293,0.267,0.253,0.238,0.222,0.194,0.150,0.120,0.103,0.079,0.051,0
E08000025,0.674,0.660,0.641,0.628,0.609,0.585,0.564,0.544,0.524,0.503,0.483,0.464,0.444,0.427,0.407,0.381,0.357,0.340,0.318,0.299,0.267,0.217,0.185,0.160,0.121,0.079,0
E08000026,0.662,0.650,0.634,0.622,0.607,0.586,0.569,0.554,0.538,0.521,0.505,0.488,0.470,0.450,0.426,0.398,0.375,0.361,0.342,0.323,0.293,0.247,0.215,0.196,0.161,0.111,0
E08000027,0.581,0.567,0.549,0.535,0.518,0.497,0.478,0.460,0.443,0.425,0.410,0.394,0.375,0.351,0.322,0.288,0.261,0.246,0.230,0.216,0.193,0.157,0.132,0.116,0.091,0.060,0
E08000028,0.639,0.626,0.607,0.593,0.576,0.553,0.533,0.514,0.493,0.472,0.454,0.434,0.412,0.389,0.359,0.321,0.292,0.276,0.256,0.235,0.205,0.162,0.134,0.117,0.091,0.059,0
E08000029,0.626,0.612,0.594,0.580,0.561,0.537,0.515,0.494,0.475,0.456,0.438,0.420,0.397,0.374,0.351,0.319,0.292,0.277,0.260,0.242,0.214,0.172,0.143,0.125,0.098,0.064,0
E08000030,0.585,0.573,0.554,0.539,0.522,0.497,0.477,0.460,0.441,0.422,0.404,0.385,0.365,0.343,0.317,0.287,0.262,0.249,0.233,0.218,0.188,0.147,0.125,0.108,0.083,0.054,0
E08000031,0.614,0.602,0.584,0.571,0.556,0.534,0.513,0.494,0.476,0.458,0.443,0.429,0.414,0.398,0.377,0.346,0.318,0.301,0.281,0.260,0.225,0.177,0.148,0.128,0.099,0.065,0
E08000032,0.663,0.650,0.632,0.617,0.598,0.567,0.538,0.513,0.490,0.465,0.443,0.424,0.404,0.384,0.361,0.329,0.300,0.283,0.265,0.245,0.215,0.172,0.144,0.127,0.098,0.061,0
E08000033,0.684,0.674,0.666,0.661,0.646,0.624,0.607,0.590,0.574,0.557,0.542,0.526,0.507,0.486,0.464,0.438,0.415,0.399,0.380,0.357,0.318,0.268,0.238,0.209,0.160,0.104,0
E08000034,0.679,0.665,0.637,0.609,0.583,0.554,0.531,0.511,0.490,0.469,0.448,0.427,0.403,0.378,0.348,0.313,0.283,0.267,0.251,0.234,0.205,0.165,0.140,0.123,0.096,0.061,0
E08000035,0.671,0.657,0.639,0.623,0.605,0.581,0.559,0.539,0.521,0.502,0.484,0.463,0.441,0.416,0.388,0.353,0.322,0.305,0.287,0.268,0.238,0.196,0.169,0.145,0.109,0.069,0
E08000036,0.649,0.636,0.618,0.605,0.587,0.561,0.540,0.523,0.507,0.490,0.474,0.458,0.440,0.425,0.402,0.368,0.341,0.325,0.308,0.292,0.267,0.230,0.202,0.177,0.158,0.127,0
E08000037,0.635,0.622,0.605,0.593,0.576,0.553,0.535,0.518,0.500,0.479,0.461,0.442,0.418,0.396,0.376,0.353,0.331,0.316,0.296,0.273,0.243,0.202,0.174,0.156,0.124,0.081,0
E09000001,0.831,0.820,0.808,0.799,0.787,0.773,0.758,0.743,0.728,0.710,0.694,0.683,0.670,0.659,0.648,0.618,0.581,0.560,0.541,0.524,0.495,0.443,0.405,0.357,0.254,0.146,0
E09000002,0.826,0.774,0.745,0.729,0.713,0.690,0.669,0.646,0.623,0.600,0.578,0.556,0.533,0.508,0.477,0.440,0.408,0.387,0.360,0.331,0.287,0.225,0.185,0.160,0.125,0.083,0
E09000003,0.745,0.734,0.721,0.711,0.699,0.681,0.663,0.644,0.626,0.606,0.588,0.565,0.539,0.519,0.495,0.455,0.418,0.399,0.379,0.360,0.326,0.272,0.236,0.213,0.168,0.109,0
E09000004,0.669,0.656,0.638,0.626,0.609,0.584,0.562,0.542,0.521,0.499,0.480,0.460,0.437,0.419,0.397,0.359,0.323,0.305,0.286,0.266,0.235,0.192,0.163,0.143,0.112,0.075,0
E09000005,0.742,0.733,0.721,0.709,0.695,0.677,0.658,0.640,0.620,0.600,0.580,0.562,0.544,0.528,0.509,0.476,0.444,0.427,0.407,0.387,0.353,0.305,0.274,0.247,0.192,0.122,0
E09000006,0.720,0.707,0.691,0.679,0.665,0.645,0.626,0.606,0.587,0.567,0.550,0.533,0.512,0.496,0.480,0.442,0.398,0.375,0.352,0.329,0.293,0.242,0.209,0.185,0.143,0.091,0
E09000007,0.776,0.761,0.742,0.726,0.712,0.696,0.679,0.660,0.640,0.621,0.602,0.583,0.562,0.543,0.520,0.480,0.442,0.423,0.408,0.396,0.365,0.319,0.293,0.264,0.201,0.127,0
E09000008,0.726,0.713,0.695,0.682,0.666,0.643,0.622,0.602,0.583,0.563,0.545,0.525,0.503,0.484,0.464,0.428,0.389,0.369,0.351,0.335,0.297,0.239,0.202,0.179,0.142,0.092,0
E09000009,0.775,0.764,0.751,0.742,0.731,0.717,0.706,0.694,0.683,0.670,0.659,0.643,0.614,0.585,0.559,0.529,0.499,0.478,0.455,0.430,0.387,0.325,0.282,0.252,0.197,0.128,0
E09000010,0.735,0.725,0.710,0.699,0.686,0.666,0.647,0.627,0.607,0.586,0.564,0.541,0.513,0.490,0.465,0.425,0.387,0.367,0.348,0.329,0.292,0.233,0.195,0.171,0.131,0.082,0
E09000011,0.756,0.743,0.727,0.714,0.699,0.679,0.659,0.638,0.616,0.594,0.574,0.552,0.527,0.506,0.480,0.434,0.391,0.368,0.347,0.328,0.297,0.256,0.230,0.206,0.168,0.117,0
E09000012,0.762,0.743,0.722,0.707,0.693,0.674,0.657,0.639,0.620,0.601,0.582,0.560,0.536,0.516,0.487,0.434,0.388,0.365,0.345,0.326,0.290,0.238,0.206,0.188,0.148,0.093,0
E09000013,0.822,0.808,0.793,0.779,0.763,0.747,0.733,0.717,0.702,0.687,0.671,0.654,0.634,0.616,0.594,0.562,0.532,0.513,0.492,0.473,0.432,0.367,0.324,0.298,0.281,0.230,0
E09000014,0.722,0.709,0.693,0.678,0.659,0.635,0.614,0.592,0.570,0.547,0.526,0.506,0.485,0.466,0.445,0.415,0.387,0.371,0.354,0.339,0.308,0.260,0.230,0.211,0.173,0.117,0
E09000015,0.688,0.676,0.659,0.646,0.629,0.606,0.585,0.564,0.545,0.523,0.504,0.485,0.465,0.449,0.430,0.397,0.364,0.347,0.329,0.310,0.272,0.215,0.177,0.155,0.120,0.076,0
E09000016,0.672,0.651,0.633,0.622,0.606,0.582,0.561,0.540,0.518,0.497,0.477,0.458,0.438,0.419,0.395,0.361,0.331,0.313,0.293,0.272,0.240,0.196,0.167,0.146,0.112,0.071,0
E09000017,0.714,0.699,0.682,0.669,0.655,0.634,0.615,0.596,0.577,0.557,0.536,0.512,0.484,0.461,0.439,0.395,0.350,0.329,0.311,0.294,0.262,0.216,0.185,0.164,0.129,0.084,0
E09000018,0.710,0.700,0.686,0.676,0.664,0.647,0.631,0.613,0.592,0.569,0.548,0.526,0.503,0.484,0.461,0.418,0.376,0.355,0.335,0.316,0.282,0.233,0.201,0.179,0.142,0.094,0
E09000019,0.767,0.751,0.735,0.723,0.713,0.699,0.687,0.675,0.660,0.641,0.621,0.599,0.573,0.550,0.519,0.463,0.412,0.389,0.371,0.354,0.316,0.259,0.226,0.205,0.162,0.105,0
E09000020,0.733,0.716,0.694,0.678,0.662,0.638,0.613,0.590,0.568,0.547,0.527,0.507,0.486,0.466,0.446,0.417,0.393,0.377,0.360,0.343,0.308,0.255,0.222,0.199,0.152,0.094,0
E09000021,0.763,0.750,0.736,0.726,0.712,0.694,0.679,0.665,0.650,0.635,0.621,0.607,0.593,0.576,0.550,0.515,0.488,0.473,0.457,0.441,0.408,0.359,0.329,0.300,0.239,0.159,0
E09000022,0.781,0.764,0.749,0.737,0.725,0.711,0.698,0.685,0.672,0.658,0.646,0.633,0.618,0.604,0.587,0.556,0.525,0.506,0.485,0.467,0.431,0.369,0.324,0.295,0.235,0.152,0
E09000023,0.735,0.721,0.705,0.691,0.677,0.656,0.634,0.615,0.598,0.580,0.564,0.546,0.524,0.506,0.486,0.447,0.407,0.385,0.363,0.341,0.308,0.262,0.230,0.208,0.170,0.116,0
E09000024,0.740,0.727,0.710,0.697,0.682,0.662,0.645,0.627,0.609,0.590,0.572,0.554,0.533,0.516,0.497,0.458,0.419,0.397,0.376,0.356,0.322,0.271,0.235,0.214,0.173,0.114,0
E09000025,0.764,0.749,0.733,0.723,0.709,0.689,0.669,0.649,0.628,0.608,0.589,0.569,0.547,0.528,0.507,0.470,0.433,0.413,0.394,0.373,0.335,0.277,0.238,0.213,0.174,0.120,0
E09000026,0.694,0.680,0.663,0.650,0.634,0.612,0.592,0.571,0.548,0.521,0.497,0.473,0.449,0.428,0.406,0.371,0.337,0.318,0.299,0.280,0.250,0.206,0.174,0.154,0.121,0.079,0
E09000027,0.761,0.748,0.732,0.719,0.707,0.690,0.673,0.654,0.636,0.617,0.598,0.577,0.553,0.532,0.514,0.486,0.456,0.438,0.418,0.396,0.358,0.303,0.265,0.240,0.190,0.123,0
E09000028,0.808,0.792,0.776,0.763,0.748,0.730,0.712,0.694,0.676,0.659,0.644,0.628,0.608,0.591,0.571,0.537,0.504,0.482,0.456,0.430,0.387,0.325,0.287,0.262,0.208,0.135,0
E09000029,0.741,0.731,0.718,0.707,0.692,0.674,0.659,0.646,0.631,0.615,0.599,0.582,0.562,0.546,0.529,0.501,0.472,0.453,0.433,0.412,0.372,0.318,0.285,0.255,0.195,0.122,0
E09000030,0.900,0.891,0.881,0.873,0.865,0.854,0.844,0.833,0.823,0.811,0.800,0.790,0.780,0.772,0.762,0.739,0.711,0.690,0.662,0.630,0.581,0.501,0.442,0.405,0.325,0.213,0
E09000031,0.723,0.710,0.691,0.676,0.659,0.635,0.613,0.592,0.571,0.548,0.527,0.505,0.481,0.460,0.432,0.395,0.366,0.349,0.330,0.309,0.278,0.235,0.207,0.186,0.147,0.095,0
E09000032,0.786,0.773,0.757,0.745,0.735,0.723,0.713,0.699,0.684,0.669,0.654,0.636,0.616,0.598,0.576,0.543,0.513,0.497,0.481,0.464,0.431,0.385,0.357,0.325,0.256,0.169,0
E09000033,0.787,0.764,0.737,0.714,0.690,0.662,0.637,0.615,0.593,0.571,0.552,0.534,0.513,0.493,0.471,0.431,0.393,0.373,0.354,0.337,0.302,0.248,0.213,0.193,0.153,0.097,0
N09000001,0.653,0.639,0.621,0.609,0.598,0.580,0.561,0.541,0.521,0.506,0.497,0.485,0.468,0.455,0.446,0.427,0.404,0.390,0.372,0.350,0.321,0.285,0.264,0.253,0.182,0.085,0
N09000002,0.640,0.626,0.607,0.594,0.581,0.562,0.542,0.522,0.503,0.489,0.480,0.470,0.457,0.446,0.433,0.407,0.378,0.360,0.338,0.312,0.282,0.249,0.230,0.220,0.159,0.075,0
N09000003,0.639,0.627,0.612,0.602,0.593,0.579,0.562,0.545,0.527,0.514,0.506,0.494,0.478,0.466,0.454,0.433,0.407,0.389,0.369,0.347,0.318,0.281,0.261,0.249,0.183,0.092,0
N09000004,0.602,0.588,0.571,0.558,0.545,0.524,0.502,0.481,0.462,0.447,0.439,0.429,0.417,0.406,0.395,0.375,0.352,0.338,0.320,0.300,0.272,0.240,0.223,0.214,0.152,0.068,0
N09000005,0.577,0.563,0.546,0.533,0.521,0.503,0.484,0.465,0.447,0.434,0.426,0.412,0.395,0.386,0.375,0.356,0.336,0.321,0.303,0.282,0.255,0.223,0.205,0.196,0.141,0.065,0
N09000006,0.717,0.703,0.687,0.676,0.664,0.648,0.633,0.618,0.605,0.595,0.589,0.578,0.564,0.554,0.539,0.483,0.413,0.374,0.340,0.308,0.275,0.239,0.221,0.210,0.148,0.067,0
N09000007,0.634,0.621,0.605,0.593,0.583,0.568,0.552,0.534,0.516,0.503,0.495,0.480,0.460,0.449,0.437,0.417,0.395,0.381,0.362,0.341,0.312,0.277,0.258,0.248,0.180,0.086,0
N09000008,0.630,0.615,0.597,0.583,0.570,0.551,0.530,0.511,0.492,0.477,0.468,0.454,0.437,0.426,0.415,0.394,0.369,0.353,0.335,0.314,0.287,0.255,0.236,0.225,0.161,0.075,0
N09000009,0.579,0.565,0.548,0.536,0.525,0.508,0.491,0.474,0.459,0.447,0.439,0.428,0.414,0.403,0.391,0.367,0.341,0.325,0.306,0.285,0.253,0.215,0.195,0.185,0.133,0.063,0
N09000010,0.590,0.576,0.558,0.546,0.535,0.517,0.497,0.479,0.462,0.448,0.440,0.431,0.417,0.406,0.393,0.369,0.344,0.328,0.311,0.290,0.261,0.227,0.208,0.199,0.142,0.066,0
N09000011,0.656,0.643,0.626,0.614,0.603,0.586,0.568,0.549,0.531,0.517,0.508,0.493,0.474,0.462,0.452,0.432,0.411,0.399,0.382,0.360,0.330,0.293,0.271,0.258,0.185,0.086,0
S12000005,0.618,0.606,0.588,0.574,0.556,0.530,0.506,0.485,0.466,0.444,0.422,0.402,0.386,0.372,0.353,0.327,0.304,0.288,0.270,0.251,0.221,0.184,0.162,0.141,0.107,0.069,0
S12000006,0.626,0.614,0.596,0.581,0.562,0.538,0.519,0.501,0.484,0.466,0.448,0.430,0.411,0.395,0.368,0.331,0.305,0.289,0.272,0.257,0.227,0.186,0.165,0.144,0.105,0.064,0
S12000008,0.685,0.672,0.656,0.643,0.627,0.605,0.586,0.568,0.550,0.528,0.505,0.484,0.466,0.449,0.427,0.395,0.369,0.355,0.337,0.320,0.286,0.234,0.199,0.173,0.134,0.087,0
S12000010,0.682,0.667,0.649,0.636,0.619,0.595,0.574,0.554,0.533,0.509,0.486,0.466,0.449,0.435,0.416,0.388,0.363,0.346,0.328,0.311,0.275,0.220,0.185,0.159,0.120,0.075,0
S12000011,0.685,0.671,0.651,0.633,0.616,0.597,0.581,0.565,0.550,0.533,0.518,0.502,0.483,0.468,0.449,0.422,0.399,0.384,0.367,0.351,0.329,0.300,0.284,0.263,0.218,0.154,0
S12000013,0.536,0.520,0.500,0.481,0.463,0.444,0.432,0.423,0.416,0.406,0.395,0.383,0.369,0.357,0.327,0.284,0.255,0.240,0.228,0.217,0.183,0.135,0.111,0.094,0.072,0.047,0
S12000014,0.628,0.614,0.595,0.581,0.562,0.537,0.513,0.492,0.473,0.451,0.430,0.411,0.395,0.382,0.363,0.337,0.313,0.296,0.277,0.258,0.227,0.184,0.157,0.137,0.103,0.065,0
S12000017,0.686,0.672,0.652,0.634,0.614,0.592,0.575,0.560,0.544,0.524,0.503,0.482,0.461,0.444,0.414,0.371,0.338,0.319,0.301,0.285,0.247,0.192,0.160,0.139,0.108,0.071,0
S12000018,0.675,0.664,0.650,0.632,0.613,0.595,0.579,0.563,0.548,0.533,0.519,0.501,0.482,0.465,0.443,0.416,0.394,0.379,0.364,0.349,0.306,0.248,0.218,0.190,0.142,0.089,0
S12000019,0.652,0.640,0.624,0.612,0.598,0.578,0.561,0.545,0.529,0.513,0.497,0.481,0.465,0.452,0.435,0.410,0.384,0.366,0.344,0.323,0.286,0.231,0.198,0.172,0.130,0.082,0
S12000020,0.679,0.666,0.648,0.633,0.616,0.594,0.574,0.554,0.534,0.515,0.497,0.479,0.460,0.443,0.414,0.372,0.340,0.321,0.302,0.282,0.246,0.191,0.154,0.134,0.103,0.064,0
S12000021,0.682,0.670,0.654,0.641,0.625,0.603,0.585,0.566,0.545,0.523,0.501,0.481,0.462,0.444,0.421,0.389,0.361,0.345,0.326,0.307,0.274,0.227,0.198,0.174,0.134,0.086,0
S12000023,0.673,0.658,0.636,0.617,0.594,0.568,0.549,0.532,0.518,0.500,0.481,0.463,0.444,0.424,0.392,0.347,0.313,0.294,0.275,0.258,0.215,0.157,0.128,0.112,0.088,0.056,0
S12000026,0.722,0.712,0.695,0.679,0.661,0.639,0.622,0.608,0.593,0.572,0.549,0.531,0.516,0.502,0.481,0.450,0.423,0.406,0.385,0.366,0.324,0.265,0.225,0.196,0.155,0.100,0
S12000027,0.655,0.638,0.614,0.593,0.570,0.547,0.531,0.517,0.503,0.488,0.473,0.457,0.442,0.428,0.402,0.364,0.335,0.319,0.304,0.291,0.244,0.169,0.124,0.104,0.080,0.051,0
S12000028,0.692,0.679,0.663,0.650,0.634,0.613,0.595,0.576,0.558,0.538,0.517,0.499,0.481,0.464,0.440,0.406,0.379,0.362,0.344,0.327,0.292,0.245,0.216,0.190,0.147,0.094,0
S12000029,0.618,0.606,0.590,0.574,0.551,0.522,0.497,0.474,0.451,0.424,0.399,0.380,0.365,0.350,0.327,0.298,0.274,0.260,0.245,0.229,0.202,0.164,0.141,0.124,0.097,0.064,0
S12000030,0.649,0.635,0.616,0.599,0.580,0.555,0.534,0.516,0.500,0.483,0.465,0.447,0.431,0.418,0.396,0.366,0.341,0.322,0.304,0.286,0.254,0.212,0.186,0.165,0.131,0.087,0
S12000033,0.692,0.679,0.663,0.652,0.638,0.618,0.598,0.578,0.561,0.544,0.527,0.509,0.490,0.472,0.448,0.414,0.387,0.371,0.353,0.335,0.302,0.249,0.210,0.185,0.146,0.095,0
S12000034,0.704,0.691,0.673,0.657,0.638,0.614,0.591,0.568,0.545,0.524,0.503,0.481,0.459,0.439,0.404,0.355,0.320,0.300,0.281,0.263,0.231,0.182,0.148,0.128,0.098,0.062,0
S12000035,0.715,0.703,0.682,0.656,0.636,0.612,0.584,0.561,0.540,0.520,0.502,0.485,0.467,0.451,0.422,0.378,0.343,0.322,0.304,0.287,0.240,0.176,0.143,0.124,0.096,0.063,0
S12000036,0.719,0.709,0.697,0.688,0.675,0.656,0.640,0.625,0.610,0.595,0.581,0.568,0.556,0.546,0.533,0.514,0.494,0.480,0.465,0.450,0.400,0.326,0.282,0.251,0.195,0.125,0
S12000038,0.696,0.686,0.671,0.658,0.643,0.626,0.610,0.594,0.578,0.561,0.546,0.529,0.512,0.499,0.484,0.464,0.444,0.431,0.415,0.400,0.360,0.301,0.264,0.230,0.175,0.112,0
S12000039,0.640,0.627,0.610,0.593,0.568,0.538,0.513,0.489,0.467,0.445,0.426,0.407,0.388,0.372,0.351,0.318,0.286,0.267,0.251,0.237,0.201,0.155,0.130,0.113,0.087,0.057,0
S12000040,0.640,0.627,0.608,0.594,0.574,0.548,0.525,0.502,0.480,0.458,0.439,0.421,0.405,0.392,0.377,0.355,0.333,0.317,0.298,0.280,0.247,0.200,0.171,0.149,0.114,0.072,0
S12000041,0.664,0.650,0.632,0.616,0.598,0.571,0.545,0.523,0.502,0.479,0.457,0.436,0.416,0.399,0.370,0.328,0.296,0.277,0.260,0.244,0.204,0.154,0.129,0.110,0.082,0.050,0
S12000042,0.695,0.684,0.669,0.657,0.638,0.611,0.589,0.568,0.548,0.528,0.504,0.480,0.460,0.442,0.421,0.393,0.367,0.351,0.335,0.321,0.278,0.211,0.171,0.150,0.117,0.075,0
S12000045,0.545,0.532,0.515,0.501,0.483,0.460,0.438,0.417,0.397,0.377,0.358,0.342,0.325,0.310,0.292,0.260,0.229,0.211,0.196,0.182,0.162,0.138,0.124,0.113,0.094,0.067,0
S12000047,0.639,0.626,0.606,0.589,0.570,0.545,0.522,0.499,0.476,0.453,0.429,0.407,0.386,0.369,0.348,0.315,0.288,0.274,0.259,0.243,0.215,0.174,0.148,0.129,0.098,0.062,0
S12000048,0.705,0.692,0.674,0.656,0.636,0.610,0.586,0.562,0.539,0.513,0.488,0.466,0.445,0.426,0.395,0.353,0.323,0.305,0.288,0.272,0.232,0.179,0.154,0.132,0.099,0.063,0
S12000049,0.716,0.705,0.690,0.662,0.621,0.588,0.565,0.544,0.521,0.499,0.480,0.460,0.434,0.408,0.382,0.349,0.321,0.305,0.288,0.272,0.247,0.215,0.196,0.176,0.139,0.094,0
S12000050,0.598,0.585,0.567,0.552,0.530,0.499,0.475,0.451,0.428,0.401,0.374,0.354,0.339,0.324,0.304,0.277,0.252,0.238,0.223,0.207,0.181,0.147,0.126,0.110,0.084,0.055,0
W06000001,0.652,0.635,0.613,0.594,0.572,0.546,0.524,0.506,0.490,0.474,0.458,0.439,0.418,0.400,0.372,0.336,0.306,0.288,0.269,0.250,0.216,0.172,0.146,0.122,0.087,0.053,0
W06000002,0.638,0.622,0.602,0.580,0.556,0.533,0.516,0.502,0.490,0.477,0.463,0.448,0.430,0.414,0.381,0.329,0.291,0.271,0.254,0.238,0.202,0.148,0.117,0.101,0.077,0.048,0
W06000003,0.706,0.690,0.668,0.650,0.628,0.600,0.577,0.559,0.543,0.526,0.509,0.493,0.477,0.463,0.442,0.412,0.386,0.368,0.347,0.326,0.285,0.222,0.181,0.157,0.119,0.075,0
W06000004,0.680,0.662,0.641,0.623,0.601,0.573,0.549,0.529,0.508,0.486,0.467,0.450,0.433,0.419,0.393,0.357,0.329,0.313,0.296,0.277,0.242,0.193,0.162,0.143,0.109,0.069,0
W06000005,0.655,0.638,0.616,0.598,0.578,0.553,0.533,0.516,0.499,0.480,0.460,0.442,0.424,0.409,0.391,0.360,0.330,0.313,0.295,0.277,0.241,0.187,0.153,0.131,0.100,0.065,0
W06000006,0.639,0.623,0.601,0.584,0.566,0.543,0.524,0.506,0.487,0.467,0.448,0.429,0.410,0.392,0.372,0.338,0.307,0.293,0.277,0.258,0.227,0.181,0.151,0.133,0.120,0.096,0
W06000008,0.695,0.681,0.658,0.638,0.619,0.596,0.576,0.559,0.543,0.527,0.512,0.499,0.484,0.468,0.438,0.394,0.362,0.344,0.325,0.307,0.269,0.216,0.186,0.165,0.149,0.120,0
W06000009,0.671,0.657,0.636,0.616,0.595,0.571,0.552,0.536,0.521,0.504,0.490,0.476,0.461,0.443,0.407,0.359,0.326,0.308,0.289,0.269,0.231,0.175,0.138,0.118,0.091,0.058,0
W06000010,0.652,0.639,0.618,0.597,0.577,0.556,0.538,0.523,0.509,0.494,0.481,0.464,0.443,0.422,0.390,0.347,0.315,0.298,0.279,0.259,0.223,0.171,0.137,0.119,0.091,0.057,0
W06000011,0.608,0.593,0.572,0.554,0.532,0.504,0.481,0.460,0.441,0.420,0.401,0.382,0.361,0.339,0.313,0.281,0.254,0.241,0.228,0.214,0.191,0.158,0.132,0.110,0.083,0.052,0
W06000012,0.551,0.535,0.514,0.495,0.471,0.440,0.416,0.397,0.380,0.364,0.349,0.334,0.317,0.299,0.277,0.250,0.229,0.217,0.204,0.191,0.166,0.127,0.100,0.086,0.066,0.042,0
W06000013,0.592,0.577,0.557,0.543,0.535,0.524,0.511,0.494,0.473,0.452,0.435,0.412,0.381,0.351,0.318,0.284,0.258,0.244,0.229,0.213,0.186,0.152,0.131,0.112,0.082,0.050,0
W06000014,0.692,0.679,0.661,0.645,0.625,0.598,0.574,0.555,0.537,0.516,0.499,0.483,0.466,0.450,0.425,0.390,0.364,0.349,0.333,0.316,0.281,0.232,0.199,0.176,0.139,0.090,0
W06000015,0.667,0.654,0.635,0.622,0.605,0.582,0.563,0.546,0.530,0.514,0.498,0.483,0.467,0.452,0.435,0.404,0.371,0.354,0.338,0.322,0.294,0.252,0.224,0.205,0.192,0.156,0
W06000016,0.559,0.543,0.525,0.513,0.500,0.479,0.454,0.434,0.417,0.400,0.386,0.369,0.347,0.325,0.304,0.276,0.251,0.238,0.224,0.209,0.183,0.142,0.115,0.101,0.078,0.049,0
W06000018,0.582,0.565,0.543,0.526,0.508,0.484,0.464,0.445,0.428,0.411,0.398,0.381,0.361,0.340,0.314,0.278,0.247,0.231,0.217,0.201,0.174,0.137,0.113,0.098,0.076,0.048,0
W06000019,0.556,0.537,0.515,0.499,0.480,0.453,0.429,0.408,0.388,0.369,0.351,0.334,0.319,0.305,0.287,0.262,0.241,0.229,0.220,0.208,0.178,0.137,0.114,0.098,0.074,0.047,0
W06000020,0.665,0.652,0.633,0.619,0.602,0.579,0.562,0.547,0.532,0.516,0.500,0.483,0.464,0.448,0.427,0.391,0.356,0.336,0.315,0.290,0.252,0.201,0.166,0.141,0.108,0.069,0
W06000021,0.662,0.646,0.625,0.609,0.591,0.566,0.545,0.526,0.508,0.491,0.474,0.455,0.434,0.413,0.378,0.333,0.299,0.282,0.265,0.246,0.219,0.174,0.141,0.122,0.093,0.061,0
W06000022,0.659,0.647,0.631,0.618,0.601,0.580,0.560,0.540,0.518,0.497,0.479,0.464,0.450,0.436,0.419,0.388,0.357,0.339,0.317,0.294,0.258,0.213,0.187,0.163,0.127,0.086,0
W06000023,0.713,0.699,0.678,0.657,0.639,0.616,0.590,0.569,0.549,0.530,0.514,0.498,0.481,0.465,0.436,0.392,0.360,0.343,0.328,0.310,0.263,0.195,0.159,0.139,0.105,0.065,0
W06000024,0.535,0.521,0.501,0.486,0.466,0.439,0.416,0.397,0.380,0.363,0.348,0.330,0.311,0.290,0.265,0.232,0.206,0.192,0.176,0.160,0.139,0.112,0.098,0.084,0.062,0.039,0
